VintageID,VintageStartDate,OriginalLoanCount,OriginalPoolBalance,MonthsOnBook,CumulativeDefaults_Count,CumulativeDefaults_Balance,CumulativeGrossLoss,CumulativeRecoveries,CumulativeNetLoss,CumulativeNetLossRate,CumulativePrepayments,RemainingPoolBalance,PoolFactor,CurrentDelinq30Plus,MarginalLossRate
2021-Q1,2021-01-01,31,29307800.0,0,0,0.0,0.0,0,0.0,0.0,192573.63,29115226.37,0.9934,0.022082,0.0
2021-Q1,2021-01-01,31,29307800.0,1,0,1741.39,959.79,0,959.79,3.3e-05,291037.71,28663327.3,0.978,0.019466,3.4e-05
2021-Q1,2021-01-01,31,29307800.0,2,0,6823.8,4094.42,0,4094.42,0.00014,459029.05,28138559.95,0.9601,0.016765,0.000124
2021-Q1,2021-01-01,31,29307800.0,3,0,12191.1,7526.6,0,7526.6,0.000257,565642.65,27674885.45,0.9443,0.020179,0.000119
2021-Q1,2021-01-01,31,29307800.0,4,0,22530.56,14124.94,3762.69,10362.25,0.000354,658625.44,27219869.6,0.9288,0.02411,8.4e-05
2021-Q1,2021-01-01,31,29307800.0,5,0,37506.87,23263.96,8474.08,14789.88,0.000505,858909.87,26652915.26,0.9094,0.025353,0.000187
2021-Q1,2021-01-01,31,29307800.0,6,0,55686.8,35057.02,16791.12,18265.9,0.000623,1012261.07,26129690.54,0.8916,0.022501,0.000164
2021-Q1,2021-01-01,31,29307800.0,7,0,78784.11,51967.52,27092.16,24875.36,0.000849,1113966.32,25653194.37,0.8753,0.027058,0.000196
2021-Q1,2021-01-01,31,29307800.0,8,0,100285.44,65045.95,35149.05,29896.9,0.00102,1398547.55,24995418.21,0.8529,0.024221,0.000196
2021-Q1,2021-01-01,31,29307800.0,9,0,121369.36,78551.39,43707.86,34843.54,0.001189,1526114.48,24495073.76,0.8358,0.024806,0.00024
2021-Q1,2021-01-01,31,29307800.0,10,0,159206.5,104894.65,56898.0,47996.65,0.001638,1736078.99,23895578.51,0.8153,0.019894,0.000274
2021-Q1,2021-01-01,31,29307800.0,11,0,193510.86,126470.08,69361.85,57108.24,0.001949,2014759.39,23230900.15,0.7927,0.022669,0.000389
2021-Q1,2021-01-01,31,29307800.0,12,0,219413.47,145113.25,80397.09,64716.16,0.002208,2289593.77,22578469.56,0.7704,0.026838,0.000252
2021-Q1,2021-01-01,31,29307800.0,13,0,257930.64,172412.48,92471.17,79941.31,0.002728,2443085.08,22034767.47,0.7518,0.020849,0.000527
2021-Q1,2021-01-01,31,29307800.0,14,0,310887.21,206870.05,115984.32,90885.73,0.003101,2694687.37,21378515.02,0.7294,0.022351,0.000332
2021-Q1,2021-01-01,31,29307800.0,15,0,351457.97,235291.8,132562.65,102729.15,0.003505,2872825.73,20808112.3,0.71,0.024229,0.000321
2021-Q1,2021-01-01,31,29307800.0,16,0,405093.3,275274.93,157127.45,118147.48,0.004031,3045461.42,20230147.68,0.6903,0.025736,0.000317
2021-Q1,2021-01-01,31,29307800.0,17,0,467423.79,320175.59,184519.36,135656.23,0.004629,3279196.89,19582388.12,0.6682,0.027068,0.000343
2021-Q1,2021-01-01,31,29307800.0,18,0,540717.48,360839.32,219358.9,141480.42,0.004827,3576800.06,18859797.66,0.6435,0.030854,0.000645
2021-Q1,2021-01-01,31,29307800.0,19,0,612459.34,409216.75,253322.74,155894.0,0.005319,3754539.85,18258622.41,0.623,0.028969,0.000233
2021-Q1,2021-01-01,31,29307800.0,20,0,669278.53,440477.7,277790.04,162687.65,0.005551,4145248.9,17459400.56,0.5957,0.022749,0.00036
2021-Q1,2021-01-01,31,29307800.0,21,0,733803.71,485109.53,303994.96,181114.57,0.00618,4483872.2,16704558.48,0.57,0.0226,0.000703
2021-Q1,2021-01-01,31,29307800.0,22,0,797126.62,520389.53,331083.51,189306.02,0.006459,4837556.98,15935857.2,0.5437,0.024886,0.000294
2021-Q1,2021-01-01,31,29307800.0,23,0,851999.45,554300.18,351997.38,202302.8,0.006903,5243374.8,15123472.95,0.516,0.029538,0.000628
2021-Q1,2021-01-01,31,29307800.0,24,0,918966.52,595287.97,378985.8,216302.17,0.00738,5453946.85,14494240.23,0.4946,0.026197,0.000567
2021-Q1,2021-01-01,31,29307800.0,25,0,985683.98,636222.61,411306.07,224916.55,0.007674,5756986.09,13772789.93,0.4699,0.026152,0.000199
2021-Q1,2021-01-01,31,29307800.0,26,0,1056918.03,675931.35,433975.74,241955.61,0.008256,6187198.46,12919649.91,0.4408,0.032552,0.000947
2021-Q1,2021-01-01,31,29307800.0,27,0,1123079.62,715022.34,463006.32,252016.02,0.008599,6534249.75,12154743.43,0.4147,0.031017,0.000448
2021-Q1,2021-01-01,31,29307800.0,28,0,1184150.72,753770.67,493309.22,260461.45,0.008887,6844712.72,11431515.76,0.3901,0.025185,0.00035
2021-Q1,2021-01-01,31,29307800.0,29,0,1252271.1,800283.21,523770.52,276512.69,0.009435,7159016.98,10697397.52,0.365,0.026265,0.00027
2021-Q1,2021-01-01,31,29307800.0,30,0,1335911.93,849754.74,554430.56,295324.18,0.010077,7617642.32,9803437.74,0.3345,0.026896,0.000727
2021-Q1,2021-01-01,31,29307800.0,31,0,1394103.57,883505.32,576799.22,306706.11,0.010465,7909118.18,9102076.65,0.3106,0.02903,0.000474
2021-Q1,2021-01-01,31,29307800.0,32,0,1440587.51,913805.23,596844.34,316960.89,0.010815,8306037.42,8306979.87,0.2834,0.02849,0.000311
2021-Q1,2021-01-01,31,29307800.0,33,0,1499031.03,949866.64,624960.59,324906.05,0.011086,8681673.82,7521206.35,0.2566,0.026433,0.000409
2021-Q1,2021-01-01,31,29307800.0,34,0,1551832.95,985294.12,645292.74,340001.38,0.011601,9010256.38,6788128.28,0.2316,0.028414,0.000591
2021-Q1,2021-01-01,31,29307800.0,35,0,1609917.94,1019071.59,671880.48,347191.11,0.011846,9274836.32,6113769.75,0.2086,0.034924,0.000254
2021-Q1,2021-01-01,31,29307800.0,36,0,1665306.35,1052360.54,694702.45,357658.09,0.012204,9637996.17,5343527.88,0.1823,0.027696,0.000401
2021-Q1,2021-01-01,31,29307800.0,37,0,1718243.35,1085399.75,713970.83,371428.92,0.012673,10073369.26,4503524.2,0.1537,0.030332,0.000374
2021-Q1,2021-01-01,31,29307800.0,38,0,1755803.06,1112933.02,728747.7,384185.33,0.013109,10291165.95,3896474.19,0.133,0.033018,0.000345
2021-Q1,2021-01-01,31,29307800.0,39,0,1797871.06,1142511.25,748455.46,394055.79,0.013445,10652858.01,3141020.53,0.1072,0.030238,0.000365
2021-Q1,2021-01-01,31,29307800.0,40,0,1847385.8,1178853.62,771166.47,407687.16,0.013911,10960206.13,2432464.07,0.083,0.037835,0.000193
2021-Q1,2021-01-01,31,29307800.0,41,0,1895584.56,1212423.94,786977.67,425446.27,0.014516,11159627.96,1833149.88,0.0625,0.035191,0.000668
2021-Q1,2021-01-01,31,29307800.0,42,0,1926310.46,1229832.89,796573.23,433259.66,0.014783,11460697.11,1149661.23,0.0392,0.029732,0.000423
2021-Q1,2021-01-01,31,29307800.0,43,0,1966706.93,1256000.59,810255.21,445745.38,0.015209,11836109.64,382158.63,0.013,0.038218,0.000557
2021-Q1,2021-01-01,31,29307800.0,44,0,1997619.74,1275766.46,824776.61,450989.85,0.015388,12215064.67,0,0,0.034363,0.000244
2021-Q1,2021-01-01,31,29307800.0,45,0,2036323.16,1302300.41,843379.72,458920.68,0.015659,12668731.47,0,0,0.035826,0.000217
2021-Q2,2021-04-01,31,33513900.0,0,0,0.0,0.0,0,0.0,0.0,156594.12,33357305.88,0.9953,0.019026,0.0
2021-Q2,2021-04-01,31,33513900.0,1,0,2450.98,1533.15,0,1533.15,4.6e-05,372888.75,32736393.47,0.9768,0.02388,4.3e-05
2021-Q2,2021-04-01,31,33513900.0,2,0,8971.59,5597.64,0,5597.64,0.000167,579819.98,32120774.83,0.9584,0.017281,0.000139
2021-Q2,2021-04-01,31,33513900.0,3,0,16251.9,10595.06,0,10595.06,0.000316,808031.38,31483116.33,0.9394,0.019645,0.000153
2021-Q2,2021-04-01,31,33513900.0,4,0,28255.3,18588.02,4038.66,14549.35,0.000434,1079303.31,30797674.19,0.919,0.023936,9.4e-05
2021-Q2,2021-04-01,31,33513900.0,5,0,43256.4,28273.45,8602.75,19670.7,0.000587,1330876.3,30128933.3,0.899,0.019099,0.000114
2021-Q2,2021-04-01,31,33513900.0,6,0,56132.62,37693.36,14115.16,23578.2,0.000704,1465310.2,29579456.38,0.8826,0.020288,0.000104
2021-Q2,2021-04-01,31,33513900.0,7,0,72003.75,47752.67,21126.52,26626.16,0.000794,1786041.79,28840686.87,0.8606,0.017641,5.4e-05
2021-Q2,2021-04-01,31,33513900.0,8,0,95651.04,64753.64,31615.36,33138.28,0.000989,2060606.5,28140308.06,0.8397,0.026764,0.000159
2021-Q2,2021-04-01,31,33513900.0,9,0,131371.71,88026.37,43784.02,44242.35,0.00132,2258874.3,27504152.79,0.8207,0.025137,0.000299
2021-Q2,2021-04-01,31,33513900.0,10,0,172816.96,114733.64,57111.13,57622.51,0.001719,2526531.1,26792883.94,0.7995,0.019246,0.000345
2021-Q2,2021-04-01,31,33513900.0,11,0,204694.2,136305.41,69896.18,66409.23,0.001982,2761393.39,26123977.62,0.7795,0.027197,0.000271
2021-Q2,2021-04-01,31,33513900.0,12,0,240053.0,162788.55,86702.9,76085.65,0.00227,2917859.85,25529985.55,0.7618,0.023949,0.000108
2021-Q2,2021-04-01,31,33513900.0,13,0,290486.55,193657.69,103308.17,90349.52,0.002696,3195188.0,24800057.05,0.74,0.024721,0.000412
2021-Q2,2021-04-01,31,33513900.0,14,0,352489.76,229353.38,134167.18,95186.2,0.00284,3473579.01,24057496.03,0.7178,0.019693,0.000397
2021-Q2,2021-04-01,31,33513900.0,15,0,413132.35,267450.55,160338.45,107112.1,0.003196,3622203.97,23446061.68,0.6996,0.020496,0.000324
2021-Q2,2021-04-01,31,33513900.0,16,0,480448.28,312006.67,184836.46,127170.21,0.003795,3941281.0,22657501.92,0.6761,0.023713,0.000457
2021-Q2,2021-04-01,31,33513900.0,17,0,529835.9,346376.83,203610.12,142766.71,0.00426,4285275.45,21861953.05,0.6523,0.029458,0.000455
2021-Q2,2021-04-01,31,33513900.0,18,0,584724.19,386550.41,229941.14,156609.27,0.004673,4694130.24,20996043.17,0.6265,0.024814,0.000349
2021-Q2,2021-04-01,31,33513900.0,19,0,653454.52,424870.54,263028.94,161841.6,0.004829,4865851.37,20353424.91,0.6073,0.021857,0.000477
2021-Q2,2021-04-01,31,33513900.0,20,0,711781.09,467921.53,281856.27,186065.25,0.005552,5024534.82,19734248.09,0.5888,0.030203,0.00058
2021-Q2,2021-04-01,31,33513900.0,21,0,780800.19,509728.87,305745.73,203983.14,0.006087,5410535.22,18877061.78,0.5633,0.025351,0.000783
2021-Q2,2021-04-01,31,33513900.0,22,0,844695.66,556672.39,332858.34,223814.06,0.006678,5648552.05,18172982.69,0.5423,0.029396,0.000481
2021-Q2,2021-04-01,31,33513900.0,23,0,901492.51,595211.29,354371.94,240839.35,0.007186,5991354.24,17371216.85,0.5183,0.027785,0.000565
2021-Q2,2021-04-01,31,33513900.0,24,0,956133.3,636018.58,376445.86,259572.72,0.007745,6276356.79,16629406.71,0.4962,0.03061,0.000337
2021-Q2,2021-04-01,31,33513900.0,25,0,1041420.05,688853.43,409844.13,279009.3,0.008325,6447866.79,15970443.15,0.4765,0.030511,0.000441
2021-Q2,2021-04-01,31,33513900.0,26,0,1150099.09,753236.87,450030.41,303206.46,0.009047,6811107.73,15096356.38,0.4505,0.031464,0.000743
2021-Q2,2021-04-01,31,33513900.0,27,0,1231051.61,802459.5,484105.92,318353.58,0.009499,7202448.2,14221896.59,0.4244,0.025395,0.000581
2021-Q2,2021-04-01,31,33513900.0,28,0,1330811.02,877253.09,522457.25,354795.84,0.010587,7460807.16,13461611.42,0.4017,0.031668,0.000705
2021-Q2,2021-04-01,31,33513900.0,29,0,1407685.35,932860.5,552988.99,379871.51,0.011335,7810216.29,12633161.16,0.377,0.029758,0.00057
2021-Q2,2021-04-01,31,33513900.0,30,0,1473199.23,981037.27,583262.84,397774.43,0.011869,8068137.74,11907559.03,0.3553,0.029324,0.000377
2021-Q2,2021-04-01,31,33513900.0,31,0,1544645.13,1032894.1,605950.94,426943.16,0.012739,8488318.2,11013765.87,0.3286,0.033157,0.000564
2021-Q2,2021-04-01,31,33513900.0,32,0,1623692.06,1083246.7,632177.37,451069.33,0.013459,8826330.41,10194539.93,0.3042,0.030814,0.000841
2021-Q2,2021-04-01,31,33513900.0,33,0,1666798.4,1107693.39,646787.97,460905.41,0.013753,9246990.86,9328606.34,0.2784,0.029952,0.000482
2021-Q2,2021-04-01,31,33513900.0,34,0,1714068.84,1140443.53,667027.51,473416.02,0.014126,9680758.71,8445401.26,0.252,0.036008,0.000172
2021-Q2,2021-04-01,31,33513900.0,35,0,1763912.81,1168916.13,690039.71,478876.42,0.014289,10074406.15,7599743.04,0.2268,0.029901,0.000317
2021-Q2,2021-04-01,31,33513900.0,36,0,1818225.03,1204175.68,709838.86,494336.82,0.01475,10482992.47,6734677.7,0.201,0.029964,0.000479
2021-Q2,2021-04-01,31,33513900.0,37,0,1861263.14,1230576.02,731010.1,499565.92,0.014906,10865730.17,5906735.09,0.1762,0.036576,0.00031
2021-Q2,2021-04-01,31,33513900.0,38,0,1925689.11,1278215.47,760300.81,517914.66,0.015454,11092064.91,5213807.57,0.1556,0.031542,0.000369
2021-Q2,2021-04-01,31,33513900.0,39,0,1977047.69,1316295.45,785501.41,530794.05,0.015838,11331363.17,4520983.94,0.1349,0.03663,0.000357
2021-Q2,2021-04-01,31,33513900.0,40,0,2019770.27,1340768.23,802871.35,537896.88,0.01605,11550188.12,3857269.61,0.1151,0.038103,0.000317
2021-Q2,2021-04-01,31,33513900.0,41,0,2052267.35,1363310.8,814967.16,548343.64,0.016362,11756736.04,3216057.82,0.096,0.030503,0.000225
2021-Q2,2021-04-01,31,33513900.0,42,0,2100415.98,1398353.32,838539.72,559813.6,0.016704,12163088.83,2359389.59,0.0704,0.032496,0.00022
2021-Q3,2021-07-01,43,45567800.0,0,0,0.0,0.0,0,0.0,0.0,117715.37,45450084.63,0.9974,0.016962,0.0
2021-Q3,2021-07-01,43,45567800.0,1,0,4323.82,2433.28,0,2433.28,5.3e-05,390787.95,44625874.62,0.9793,0.020405,6.8e-05
2021-Q3,2021-07-01,43,45567800.0,2,0,9804.7,6510.0,0,6510.0,0.000143,661898.62,43802469.48,0.9613,0.019682,8.2e-05
2021-Q3,2021-07-01,43,45567800.0,3,0,20134.66,13949.6,0,13949.6,0.000306,837305.59,43069918.95,0.9452,0.020081,0.000134
2021-Q3,2021-07-01,43,45567800.0,4,0,31852.27,20426.25,4416.23,16010.02,0.000351,1221804.45,42126888.88,0.9245,0.025856,7.7e-05
2021-Q3,2021-07-01,43,45567800.0,5,0,45368.58,28900.7,9178.51,19722.19,0.000433,1415727.14,41372636.27,0.9079,0.023773,6.7e-05
2021-Q3,2021-07-01,43,45567800.0,6,0,70910.46,46997.65,18697.87,28299.79,0.000621,1706826.18,40509181.76,0.889,0.023351,0.000211
2021-Q3,2021-07-01,43,45567800.0,7,0,102761.55,69654.99,33885.29,35769.69,0.000785,2077525.74,39559817.51,0.8682,0.02496,9.4e-05
2021-Q3,2021-07-01,43,45567800.0,8,0,146083.62,100214.14,50065.9,50148.24,0.001101,2369747.76,38677459.82,0.8488,0.022627,0.000177
2021-Q3,2021-07-01,43,45567800.0,9,0,183094.94,122820.13,67009.58,55810.55,0.001225,2656432.93,37806949.72,0.8297,0.027397,0.00011
2021-Q3,2021-07-01,43,45567800.0,10,0,224023.2,149824.37,82405.29,67419.08,0.00148,2975397.37,36900243.42,0.8098,0.023698,0.000304
2021-Q3,2021-07-01,43,45567800.0,11,0,270794.3,178052.3,98294.62,79757.68,0.00175,3416423.31,35865632.79,0.7871,0.02065,0.000277
2021-Q3,2021-07-01,43,45567800.0,12,0,336004.42,221052.28,130114.27,90938.01,0.001996,3725700.35,34944332.03,0.7669,0.02329,0.000135
2021-Q3,2021-07-01,43,45567800.0,13,0,395520.75,257353.83,153137.29,104216.54,0.002287,4057741.24,34005961.21,0.7463,0.022465,0.000253
2021-Q3,2021-07-01,43,45567800.0,14,0,478664.17,303158.8,185941.73,117217.07,0.002572,4448999.67,32984745.77,0.7239,0.024746,0.000506
2021-Q3,2021-07-01,43,45567800.0,15,0,541324.93,345267.88,212891.43,132376.45,0.002905,4945665.78,31878605.29,0.6996,0.022184,0.000393
2021-Q3,2021-07-01,43,45567800.0,16,0,609194.22,390700.44,246492.11,144208.33,0.003165,5316144.15,30893444.03,0.678,0.023705,0.000241
2021-Q3,2021-07-01,43,45567800.0,17,0,687253.46,434563.07,282250.2,152312.87,0.003343,5649153.56,29935561.78,0.6569,0.030612,0.000168
2021-Q3,2021-07-01,43,45567800.0,18,0,760610.42,475029.57,311057.2,163972.37,0.003598,6160962.11,28803582.67,0.6321,0.025579,0.000344
2021-Q3,2021-07-01,43,45567800.0,19,0,894841.49,560852.53,366552.21,194300.32,0.004264,6665656.91,27617843.2,0.6061,0.03048,0.000691
2021-Q3,2021-07-01,43,45567800.0,20,0,1016770.54,644177.73,418614.35,225563.37,0.00495,7274200.98,26340556.48,0.5781,0.031362,0.000332
2021-Q3,2021-07-01,43,45567800.0,21,0,1093151.87,687866.91,446647.56,241219.35,0.005294,7920164.85,25071397.68,0.5502,0.022385,0.000351
2021-Q3,2021-07-01,43,45567800.0,22,0,1170611.88,739181.48,470244.35,268937.13,0.005902,8219309.21,24147979.72,0.5299,0.02545,0.000534
2021-Q3,2021-07-01,43,45567800.0,23,0,1260975.64,801032.51,502139.57,298892.94,0.006559,8745436.76,22984674.8,0.5044,0.024992,0.000479
2021-Q3,2021-07-01,43,45567800.0,24,0,1388040.26,889339.45,545038.89,344300.57,0.007556,9328310.63,21727922.71,0.4768,0.024006,0.000672
2021-Q3,2021-07-01,43,45567800.0,25,0,1502115.27,956293.52,599086.2,357207.32,0.007839,9736505.45,20658839.28,0.4534,0.027941,0.000323
2021-Q3,2021-07-01,43,45567800.0,26,0,1630023.73,1029482.98,642144.75,387338.22,0.0085,10272123.3,19448499.37,0.4268,0.024178,0.000803
2021-Q3,2021-07-01,43,45567800.0,27,0,1709323.23,1088236.93,671487.11,416749.82,0.009146,10638579.9,18455929.67,0.405,0.026595,0.000577
2021-Q3,2021-07-01,43,45567800.0,28,0,1848248.5,1173653.16,730552.85,443100.31,0.009724,11146228.76,17262541.94,0.3788,0.025117,0.000786
2021-Q3,2021-07-01,43,45567800.0,29,0,1953732.57,1241242.19,778143.02,463099.17,0.010163,11485725.19,16270747.84,0.3571,0.024979,0.000583
2021-Q3,2021-07-01,43,45567800.0,30,0,2030736.78,1290405.71,807646.92,482758.79,0.010594,11819632.35,15313022.87,0.336,0.028853,0.000619
2021-Q3,2021-07-01,43,45567800.0,31,0,2100064.65,1341893.06,832847.06,509046.01,0.011171,12290469.11,14226044.64,0.3122,0.032525,0.000516
2021-Q3,2021-07-01,43,45567800.0,32,0,2198436.44,1410817.4,867421.36,543396.05,0.011925,12582709.07,13288619.29,0.2916,0.025954,0.00054
2021-Q3,2021-07-01,43,45567800.0,33,0,2262387.79,1446171.19,894984.43,551186.76,0.012096,13021232.63,12239330.78,0.2686,0.032214,0.000184
2021-Q3,2021-07-01,43,45567800.0,34,0,2346004.57,1505373.53,933987.61,571385.93,0.012539,13387563.25,11242569.78,0.2467,0.028682,0.00038
2021-Q3,2021-07-01,43,45567800.0,35,0,2415848.51,1548128.71,965343.79,582784.92,0.012789,14106337.36,9907138.13,0.2174,0.026992,0.000256
2021-Q3,2021-07-01,43,45567800.0,36,0,2495760.6,1606694.35,991600.32,615094.03,0.013498,14762939.53,8623810.27,0.1893,0.034039,0.000535
2021-Q3,2021-07-01,43,45567800.0,37,0,2555988.96,1642413.54,1021083.83,621329.72,0.013635,15483203.96,7296503.88,0.1601,0.03515,0.000299
2021-Q3,2021-07-01,43,45567800.0,38,0,2626540.97,1686073.33,1055756.89,630316.44,0.013832,15882145.38,6280196.85,0.1378,0.037024,0.000294
2021-Q3,2021-07-01,43,45567800.0,39,0,2699066.06,1731774.84,1082871.08,648903.76,0.01424,16534508.41,5008495.13,0.1099,0.031663,0.000554
2021-Q4,2021-10-01,21,23601300.0,0,0,0.0,0.0,0,0.0,0.0,144245.46,23457054.54,0.9939,0.017554,0.0
2021-Q4,2021-10-01,21,23601300.0,1,0,2281.98,1531.84,0,1531.84,6.5e-05,264410.29,23051392.13,0.9767,0.015973,6.7e-05
2021-Q4,2021-10-01,21,23601300.0,2,0,5726.52,3604.6,0,3604.6,0.000153,367030.3,22662111.97,0.9602,0.02462,9.5e-05
2021-Q4,2021-10-01,21,23601300.0,3,0,12360.55,8424.79,0,8424.79,0.000357,469668.07,22269624.58,0.9436,0.019725,0.000206
2021-Q4,2021-10-01,21,23601300.0,4,0,18266.64,12832.3,2543.37,10288.93,0.000436,563861.36,21886309.6,0.9273,0.021171,3.6e-05
2021-Q4,2021-10-01,21,23601300.0,5,0,28941.41,18948.29,6616.86,12331.42,0.000522,741055.65,21415224.93,0.9074,0.023398,0.000118
2021-Q4,2021-10-01,21,23601300.0,6,0,38097.59,25650.06,11121.6,14528.46,0.000616,944523.38,20919385.43,0.8864,0.019136,3.5e-05
2021-Q4,2021-10-01,21,23601300.0,7,0,49410.37,31993.31,16065.98,15927.32,0.000675,1038367.9,20531012.53,0.8699,0.022368,7.6e-05
2021-Q4,2021-10-01,21,23601300.0,8,0,68370.44,44572.18,24005.34,20566.84,0.000871,1162955.3,20104249.45,0.8518,0.018422,0.000157
2021-Q4,2021-10-01,21,23601300.0,9,0,85525.32,54099.67,31821.15,22278.52,0.000944,1269023.47,19697810.81,0.8346,0.019369,0.000143
2021-Q4,2021-10-01,21,23601300.0,10,0,108435.87,69426.17,41642.76,27783.41,0.001177,1420214.25,19240493.88,0.8152,0.024521,0.000259
2021-Q4,2021-10-01,21,23601300.0,11,0,132966.66,82968.9,50249.61,32719.29,0.001386,1570772.96,18782188.78,0.7958,0.028549,0.000208
2021-Q4,2021-10-01,21,23601300.0,12,0,167355.77,105283.08,66116.17,39166.9,0.00166,1711739.87,18323617.16,0.7764,0.025129,0.000388
2021-Q4,2021-10-01,21,23601300.0,13,0,204573.61,130177.68,79858.64,50319.05,0.002132,1819919.89,17895003.7,0.7582,0.024363,0.000428
2021-Q4,2021-10-01,21,23601300.0,14,0,237779.24,152455.92,94994.5,57461.42,0.002435,1974660.17,17423842.19,0.7383,0.026855,0.00019
2021-Q4,2021-10-01,21,23601300.0,15,0,274016.31,172884.99,110789.67,62095.32,0.002631,2138529.02,16940520.67,0.7178,0.02711,0.00022
2021-Q4,2021-10-01,21,23601300.0,16,0,322475.64,201898.43,126260.38,75638.04,0.003205,2259580.47,16487794.29,0.6986,0.025828,0.000528
2021-Q4,2021-10-01,21,23601300.0,17,0,358033.09,223194.26,142263.67,80930.59,0.003429,2388939.03,16039662.68,0.6796,0.02442,0.000181
2021-Q4,2021-10-01,21,23601300.0,18,0,399868.87,250779.98,155638.91,95141.07,0.004031,2617360.92,15486189.4,0.6562,0.024617,0.000492
2021-Q4,2021-10-01,21,23601300.0,19,0,448952.33,284373.87,177541.95,106831.91,0.004527,2927542.93,14843708.33,0.6289,0.026563,0.000517
2021-Q4,2021-10-01,21,23601300.0,20,0,495808.31,316400.53,193824.96,122575.57,0.005194,3169813.38,14271366.31,0.6047,0.022526,0.000775
2021-Q4,2021-10-01,21,23601300.0,21,0,541550.0,346978.95,207663.01,139315.94,0.005903,3458197.15,13654025.25,0.5785,0.025063,0.000668
2021-Q4,2021-10-01,21,23601300.0,22,0,580867.92,374244.13,220475.95,153768.18,0.006515,3635072.9,13154615.99,0.5574,0.030139,0.000695
2021-Q4,2021-10-01,21,23601300.0,23,0,639443.45,415765.71,241199.9,174565.81,0.007396,3840638.94,12607258.81,0.5342,0.030611,0.00082
2021-Q4,2021-10-01,21,23601300.0,24,0,692155.38,445610.44,261850.1,183760.34,0.007786,4088731.13,12023239.08,0.5094,0.024101,0.000702
2021-Q4,2021-10-01,21,23601300.0,25,0,754271.53,484288.53,284260.76,200027.77,0.008475,4273988.76,11492649.71,0.4869,0.029388,0.000573
2021-Q4,2021-10-01,21,23601300.0,26,0,801955.0,515268.63,304288.19,210980.44,0.008939,4509879.56,10925859.85,0.4629,0.02603,0.000443
2021-Q4,2021-10-01,21,23601300.0,27,0,845751.55,540595.01,321815.8,218779.21,0.00927,4738787.32,10369939.94,0.4394,0.028257,0.000495
2021-Q4,2021-10-01,21,23601300.0,28,0,887032.61,566937.44,341046.02,225891.42,0.009571,5098629.97,9685600.62,0.4104,0.026521,0.000156
2021-Q4,2021-10-01,21,23601300.0,29,0,930193.87,594800.86,358694.4,236106.46,0.010004,5441362.21,9016491.51,0.382,0.027532,0.000621
2021-Q4,2021-10-01,21,23601300.0,30,0,969036.0,618406.69,377553.26,240853.44,0.010205,5762065.76,8373730.24,0.3548,0.028808,0.000129
2021-Q4,2021-10-01,21,23601300.0,31,0,1009249.0,642170.92,392683.51,249487.41,0.010571,6015697.19,7796670.21,0.3303,0.027517,0.000397
2021-Q4,2021-10-01,21,23601300.0,32,0,1058410.83,675937.21,411926.22,264010.99,0.011186,6344114.92,7135875.05,0.3024,0.027408,0.00061
2021-Q4,2021-10-01,21,23601300.0,33,0,1098133.14,705652.27,425644.43,280007.84,0.011864,6627208.44,6529843.62,0.2767,0.033371,0.000414
2021-Q4,2021-10-01,21,23601300.0,34,0,1150215.88,737560.18,441552.72,296007.46,0.012542,6820778.09,6000975.63,0.2543,0.03172,0.000789
2021-Q4,2021-10-01,21,23601300.0,35,0,1192580.65,765531.15,462116.35,303414.8,0.012856,7007125.52,5489047.83,0.2326,0.034461,0.000199
2021-Q4,2021-10-01,21,23601300.0,36,0,1220332.33,784350.66,473141.66,311209.0,0.013186,7296410.97,4888795.1,0.2071,0.031016,0.000233
2022-Q1,2022-01-01,36,37183800.0,0,0,0.0,0.0,0,0.0,0.0,200170.27,36983629.73,0.9946,0.024521,0.0
2022-Q1,2022-01-01,36,37183800.0,1,0,3483.4,2364.43,0,2364.43,6.4e-05,320446.9,36413664.1,0.9793,0.020159,5.3e-05
2022-Q1,2022-01-01,36,37183800.0,2,0,9047.95,6435.28,0,6435.28,0.000173,436961.56,35845379.29,0.964,0.016165,0.000105
2022-Q1,2022-01-01,36,37183800.0,3,0,19379.05,13050.61,0,13050.61,0.000351,563133.32,35262670.83,0.9483,0.017283,0.000162
2022-Q1,2022-01-01,36,37183800.0,4,0,31623.53,20878.14,3723.36,17154.79,0.000461,798462.71,34568891.36,0.9297,0.022167,0.000146
2022-Q1,2022-01-01,36,37183800.0,5,0,46191.63,30196.49,10504.47,19692.02,0.00053,995865.09,33910715.28,0.912,0.022795,9.5e-05
2022-Q1,2022-01-01,36,37183800.0,6,0,67317.75,43019.44,20360.35,22659.09,0.000609,1236299.08,33202949.58,0.8929,0.023143,0.000118
2022-Q1,2022-01-01,36,37183800.0,7,0,84378.79,52826.95,28441.31,24385.63,0.000656,1391083.07,32584898.94,0.8763,0.020125,0.000113
2022-Q1,2022-01-01,36,37183800.0,8,0,117127.95,74460.33,40597.45,33862.88,0.000911,1718926.22,31778101.03,0.8546,0.023012,0.000175
2022-Q1,2022-01-01,36,37183800.0,9,0,158262.72,102282.6,56497.42,45785.17,0.001231,1989962.02,31019724.86,0.8342,0.024847,0.000393
2022-Q1,2022-01-01,36,37183800.0,10,0,200055.06,126941.05,71068.36,55872.69,0.001503,2410360.42,30111328.52,0.8098,0.019275,0.00036
2022-Q1,2022-01-01,36,37183800.0,11,0,253961.24,164619.81,91039.51,73580.3,0.001979,2790754.08,29230823.07,0.7861,0.0262,0.00029
2022-Q1,2022-01-01,36,37183800.0,12,0,303137.29,196654.23,107935.6,88718.64,0.002386,3208944.67,28317250.84,0.7615,0.019887,0.000495
2022-Q1,2022-01-01,36,37183800.0,13,0,345407.41,227402.03,126623.45,100778.58,0.00271,3556154.28,27481565.5,0.7391,0.019869,0.000243
2022-Q1,2022-01-01,36,37183800.0,14,0,416167.57,277971.46,149462.41,128509.05,0.003456,3774938.09,26745815.94,0.7193,0.024663,0.000595
2022-Q1,2022-01-01,36,37183800.0,15,0,476364.72,315763.44,175747.7,140015.73,0.003766,3988137.92,26026213.36,0.6999,0.028025,0.000407
2022-Q1,2022-01-01,36,37183800.0,16,0,538375.07,357483.01,204738.52,152744.49,0.004108,4175807.64,25330327.69,0.6812,0.025602,0.000227
2022-Q1,2022-01-01,36,37183800.0,17,0,588711.15,385734.46,222964.93,162769.53,0.004377,4543210.29,24466383.36,0.658,0.025429,0.000299
2022-Q1,2022-01-01,36,37183800.0,18,0,656709.48,426192.21,250380.35,175811.87,0.004728,4825951.11,23669438.6,0.6366,0.027948,0.000599
2022-Q1,2022-01-01,36,37183800.0,19,0,734612.17,470965.42,282881.29,188084.12,0.005058,5261681.82,22709599.61,0.6107,0.026152,0.000395
2022-Q1,2022-01-01,36,37183800.0,20,0,830969.53,541151.65,329340.5,211811.16,0.005696,5710160.53,21718557.94,0.5841,0.022725,0.000595
2022-Q1,2022-01-01,36,37183800.0,21,0,911457.52,586494.87,358681.12,227813.74,0.006127,6201168.39,20700856.5,0.5567,0.029391,0.000826
2022-Q1,2022-01-01,36,37183800.0,22,0,992893.26,646513.96,389968.28,256545.68,0.006899,6445381.17,19929002.37,0.536,0.030522,0.000797
2022-Q1,2022-01-01,36,37183800.0,23,0,1077933.35,703005.21,427321.52,275683.7,0.007414,6772821.05,19070316.8,0.5129,0.025278,0.000371
2022-Q1,2022-01-01,36,37183800.0,24,0,1183133.6,769062.8,465579.46,303483.34,0.008162,6993135.07,18298596.93,0.4921,0.03076,0.000868
2022-Q1,2022-01-01,36,37183800.0,25,0,1269854.78,822616.16,498532.52,324083.65,0.008716,7431457.31,17327347.91,0.466,0.032913,0.000418
2022-Q1,2022-01-01,36,37183800.0,26,0,1367595.41,885459.75,545094.77,340364.98,0.009154,7842485.15,16372373.84,0.4403,0.029963,0.000674
2022-Q1,2022-01-01,36,37183800.0,27,0,1464541.08,947716.36,590974.18,356742.18,0.009594,8304736.98,15366970.74,0.4133,0.030361,0.000665
2022-Q1,2022-01-01,36,37183800.0,28,0,1568088.73,1006045.64,630706.19,375339.45,0.010094,8694898.28,14427056.19,0.388,0.026395,0.000999
2022-Q1,2022-01-01,36,37183800.0,29,0,1675066.73,1075128.22,673031.37,402096.85,0.010814,8943161.12,13625609.75,0.3664,0.02693,0.000613
2022-Q1,2022-01-01,36,37183800.0,30,0,1768482.66,1140238.65,713208.74,427029.91,0.011484,9396388.09,12632761.26,0.3397,0.034451,0.000349
2022-Q1,2022-01-01,36,37183800.0,31,0,1845671.5,1195187.51,749325.19,445862.33,0.011991,9686275.76,11819479.14,0.3179,0.029451,0.000549
2022-Q1,2022-01-01,36,37183800.0,32,0,1902357.66,1227432.24,769875.86,457556.38,0.012305,10249042.74,10753820.4,0.2892,0.031109,0.000484
2022-Q1,2022-01-01,36,37183800.0,33,0,1962317.44,1270874.48,791419.78,479454.7,0.012894,10839807.02,9656890.74,0.2597,0.028708,0.000523
2022-Q2,2022-04-01,29,28236600.0,0,0,0.0,0.0,0,0.0,0.0,110053.64,28126546.36,0.9961,0.022539,0.0
2022-Q2,2022-04-01,29,28236600.0,1,0,2495.54,1818.97,0,1818.97,6.4e-05,236918.36,27658346.9,0.9795,0.016242,6e-05
2022-Q2,2022-04-01,29,28236600.0,2,0,7243.3,4825.75,0,4825.75,0.000171,468960.08,27082718.22,0.9591,0.018406,0.000113
2022-Q2,2022-04-01,29,28236600.0,3,0,14624.17,9169.25,0,9169.25,0.000325,631968.83,26573489.4,0.9411,0.021392,0.000181
2022-Q2,2022-04-01,29,28236600.0,4,0,26279.79,15892.77,4242.46,11650.31,0.000413,859736.62,25995226.78,0.9206,0.024721,0.000159
2022-Q2,2022-04-01,29,28236600.0,5,0,39346.59,24087.07,9491.58,14595.49,0.000517,1095457.91,25407599.5,0.8998,0.017428,0.000152
2022-Q2,2022-04-01,29,28236600.0,6,0,55835.93,35189.35,15096.74,20092.61,0.000712,1258485.24,24889243.63,0.8815,0.018812,0.00019
2022-Q2,2022-04-01,29,28236600.0,7,0,78673.09,49495.6,26318.06,23177.55,0.000821,1400584.9,24385467.61,0.8636,0.021149,0.000142
2022-Q2,2022-04-01,29,28236600.0,8,0,105397.44,66048.53,35261.46,30787.06,0.00109,1533217.05,23887271.91,0.846,0.019984,0.000276
2022-Q2,2022-04-01,29,28236600.0,9,0,131122.61,84223.03,43315.63,40907.4,0.001449,1805189.54,23250735.05,0.8234,0.019919,0.000339
2022-Q2,2022-04-01,29,28236600.0,10,0,165047.89,104784.75,58808.91,45975.84,0.001628,1975522.8,22707637.31,0.8042,0.024643,0.000148
2022-Q2,2022-04-01,29,28236600.0,11,0,187326.15,118241.53,66284.05,51957.49,0.00184,2246821.86,22075220.79,0.7818,0.02058,0.000296
2022-Q2,2022-04-01,29,28236600.0,12,0,226318.34,141314.67,79775.9,61538.76,0.002179,2411802.83,21532408.43,0.7626,0.022709,0.000541
2022-Q2,2022-04-01,29,28236600.0,13,0,270678.08,166043.29,101091.03,64952.27,0.0023,2585195.07,20975817.25,0.7429,0.02368,0.000363
2022-Q2,2022-04-01,29,28236600.0,14,0,320960.18,197557.29,118680.6,78876.68,0.002793,2835824.28,20336066.75,0.7202,0.025869,0.000404
2022-Q2,2022-04-01,29,28236600.0,15,0,362158.09,227078.59,133256.33,93822.26,0.003323,3038528.7,19753325.21,0.6996,0.025776,0.000388
2022-Q2,2022-04-01,29,28236600.0,16,0,425627.9,272230.51,160340.19,111890.33,0.003963,3393122.97,18996421.92,0.6728,0.03022,0.000551
2022-Q2,2022-04-01,29,28236600.0,17,0,490615.29,311206.55,190800.14,120406.41,0.004264,3735785.35,18249932.96,0.6463,0.024936,0.000603
2022-Q2,2022-04-01,29,28236600.0,18,0,559748.35,350558.83,216058.03,134500.8,0.004763,3945420.34,17632325.71,0.6244,0.029619,0.00065
2022-Q2,2022-04-01,29,28236600.0,19,0,615535.13,389743.71,238629.74,151113.98,0.005352,4076555.63,17106564.45,0.6058,0.029315,0.000422
2022-Q2,2022-04-01,29,28236600.0,20,0,674624.17,430982.8,267400.92,163581.89,0.005793,4471463.78,16313728.05,0.5778,0.027772,0.0003
2022-Q2,2022-04-01,29,28236600.0,21,0,754948.54,479309.39,300961.13,178348.26,0.006316,4769896.45,15596131.81,0.5523,0.022164,0.000775
2022-Q2,2022-04-01,29,28236600.0,22,0,832790.51,528867.17,337892.2,190974.97,0.006763,5141886.59,14807460.5,0.5244,0.022848,0.000675
2022-Q2,2022-04-01,29,28236600.0,23,0,916197.03,583475.08,378984.49,204490.59,0.007242,5338358.5,14188742.87,0.5025,0.030628,0.000731
2022-Q2,2022-04-01,29,28236600.0,24,0,986212.48,628034.8,406716.69,221318.11,0.007838,5578186.86,13540059.86,0.4795,0.026258,0.000705
2022-Q2,2022-04-01,29,28236600.0,25,0,1051885.0,670608.91,426681.18,243927.74,0.008639,5746969.92,12966765.08,0.4592,0.026259,0.000834
2022-Q2,2022-04-01,29,28236600.0,26,0,1107444.32,707952.51,445654.54,262297.97,0.009289,6168854.07,12150482.41,0.4303,0.030063,0.000581
2022-Q2,2022-04-01,29,28236600.0,27,0,1153838.15,741906.59,468168.09,273738.5,0.009694,6407121.45,11526982.0,0.4082,0.030457,0.000363
2022-Q2,2022-04-01,29,28236600.0,28,0,1225121.79,781762.14,492822.62,288939.52,0.010233,6653757.15,10870223.47,0.385,0.032582,0.000894
2022-Q2,2022-04-01,29,28236600.0,29,0,1274295.02,814089.21,508283.68,305805.53,0.01083,7047443.55,10088524.63,0.3573,0.026345,0.000526
2022-Q2,2022-04-01,29,28236600.0,30,0,1330661.84,854810.91,526659.86,328151.04,0.011621,7212290.07,9528472.09,0.3375,0.033593,0.000662
2022-Q3,2022-07-01,31,32924900.0,0,0,0.0,0.0,0,0.0,0.0,152743.97,32772156.03,0.9954,0.018764,0.0
2022-Q3,2022-07-01,31,32924900.0,1,0,2767.06,1942.8,0,1942.8,5.9e-05,348874.86,32178159.29,0.9773,0.017827,5.7e-05
2022-Q3,2022-07-01,31,32924900.0,2,0,8494.79,5733.75,0,5733.75,0.000174,514372.2,31611835.41,0.9601,0.016184,0.000109
2022-Q3,2022-07-01,31,32924900.0,3,0,15852.24,11016.24,0,11016.24,0.000335,613606.02,31110145.34,0.9449,0.016217,0.000126
2022-Q3,2022-07-01,31,32924900.0,4,0,28566.48,18222.82,5284.31,12938.52,0.000393,834185.84,30481752.48,0.9258,0.024398,0.000102
2022-Q3,2022-07-01,31,32924900.0,5,0,38182.2,23795.0,9939.59,13855.41,0.000421,1117795.66,29793428.14,0.9049,0.025349,6.1e-05
2022-Q3,2022-07-01,31,32924900.0,6,0,54246.26,33324.95,17197.28,16127.67,0.00049,1236488.77,29263572.17,0.8888,0.020275,6.2e-05
2022-Q3,2022-07-01,31,32924900.0,7,0,80323.04,49134.05,26144.92,22989.13,0.000698,1417388.93,28661496.43,0.8705,0.023622,0.000205
2022-Q3,2022-07-01,31,32924900.0,8,0,105145.17,63941.09,37301.02,26640.07,0.000809,1701542.83,27957421.6,0.8491,0.023039,0.000177
2022-Q3,2022-07-01,31,32924900.0,9,0,127913.83,78634.97,46134.09,32500.88,0.000987,1923132.74,27317964.24,0.8297,0.026422,0.000237
2022-Q3,2022-07-01,31,32924900.0,10,0,159821.21,97970.47,56497.81,41472.65,0.00126,2157878.27,26656212.52,0.8096,0.021907,0.000308
2022-Q3,2022-07-01,31,32924900.0,11,0,195261.75,124148.27,73439.75,50708.52,0.00154,2384675.24,25998876.22,0.7896,0.023112,0.000145
2022-Q3,2022-07-01,31,32924900.0,12,0,225086.93,144163.68,87812.45,56351.23,0.001712,2756274.61,25202352.85,0.7654,0.027137,0.00011
2022-Q3,2022-07-01,31,32924900.0,13,0,270244.46,171591.04,104740.5,66850.54,0.00203,2963722.33,24554648.81,0.7458,0.021728,0.000318
2022-Q3,2022-07-01,31,32924900.0,14,0,319703.98,203206.8,125389.19,77817.61,0.002363,3335410.61,23738402.22,0.721,0.024264,0.000275
2022-Q3,2022-07-01,31,32924900.0,15,0,383666.57,243366.27,154213.77,89152.5,0.002708,3543432.07,23071319.36,0.7007,0.024199,0.000378
2022-Q3,2022-07-01,31,32924900.0,16,0,424864.62,269496.14,166758.8,102737.33,0.00312,3936921.86,22241532.72,0.6755,0.02388,0.000384
2022-Q3,2022-07-01,31,32924900.0,17,0,484567.22,307958.75,185723.54,122235.22,0.003713,4176148.33,21547504.86,0.6544,0.022744,0.000703
2022-Q3,2022-07-01,31,32924900.0,18,0,533008.76,335052.22,207897.81,127154.41,0.003862,4517995.05,20762117.78,0.6306,0.029511,0.000353
2022-Q3,2022-07-01,31,32924900.0,19,0,608353.59,380869.48,238129.78,142739.7,0.004335,4743579.95,20066089.26,0.6095,0.023967,0.000452
2022-Q3,2022-07-01,31,32924900.0,20,0,709000.43,455425.26,276831.84,178593.42,0.005424,4974836.42,19339087.15,0.5874,0.030805,0.001035
2022-Q3,2022-07-01,31,32924900.0,21,0,773792.72,499757.53,304450.18,195307.35,0.005932,5421877.12,18432155.36,0.5598,0.022135,0.000621
2022-Q3,2022-07-01,31,32924900.0,22,0,824717.25,535258.16,327232.41,208025.75,0.006318,5603771.64,17804237.52,0.5408,0.030483,0.00034
2022-Q3,2022-07-01,31,32924900.0,23,0,898751.04,584829.03,350607.31,234221.72,0.007114,5990482.4,16948394.15,0.5148,0.028344,0.000858
2022-Q3,2022-07-01,31,32924900.0,24,0,1005447.3,654232.43,384788.58,269443.86,0.008184,6446162.22,15990919.29,0.4857,0.030489,0.001034
2022-Q3,2022-07-01,31,32924900.0,25,0,1084690.66,704552.77,420133.75,284419.02,0.008638,6767343.95,15195395.38,0.4615,0.024263,0.00056
2022-Q3,2022-07-01,31,32924900.0,26,0,1163864.71,757338.9,448330.23,309008.68,0.009385,7089289.74,14399176.75,0.4373,0.027666,0.000779
2022-Q3,2022-07-01,31,32924900.0,27,0,1239474.76,804562.88,481722.2,322840.69,0.009805,7263868.13,13753889.51,0.4177,0.025332,0.000434
2022-Q4,2022-10-01,44,51169100.0,0,0,0.0,0.0,0,0.0,0.0,132214.78,51036885.22,0.9974,0.015678,0.0
2022-Q4,2022-10-01,44,51169100.0,1,0,4779.32,2801.14,0,2801.14,5.5e-05,268438.72,50281852.76,0.9827,0.022377,6.1e-05
2022-Q4,2022-10-01,44,51169100.0,2,0,15396.58,10420.46,0,10420.46,0.000204,500904.89,49424740.13,0.9659,0.022471,0.00014
2022-Q4,2022-10-01,44,51169100.0,3,0,27592.71,17261.99,0,17261.99,0.000337,670430.72,48628988.97,0.9504,0.016672,0.000173
2022-Q4,2022-10-01,44,51169100.0,4,0,44975.89,29839.12,6286.89,23552.22,0.00046,923261.17,47744746.14,0.9331,0.018465,0.000104
2022-Q4,2022-10-01,44,51169100.0,5,0,61055.21,39522.57,13492.52,26030.05,0.000509,1197467.65,46840431.14,0.9154,0.019659,5.1e-05
2022-Q4,2022-10-01,44,51169100.0,6,0,80932.39,50521.36,21863.62,28657.73,0.00056,1463205.64,45940786.77,0.8978,0.025972,0.000118
2022-Q4,2022-10-01,44,51169100.0,7,0,106513.43,65745.45,33544.39,32201.06,0.000629,1809359.52,44955022.66,0.8786,0.020907,5.5e-05
2022-Q4,2022-10-01,44,51169100.0,8,0,154463.96,95092.08,55167.99,39924.08,0.00078,2140391.89,43962010.55,0.8592,0.026337,0.000186
2022-Q4,2022-10-01,44,51169100.0,9,0,193929.89,117401.02,74659.22,42741.8,0.000835,2675970.9,42772936.41,0.8359,0.024743,4.5e-05
2022-Q4,2022-10-01,44,51169100.0,10,0,240657.76,147011.61,91177.86,55833.75,0.001091,3236425.93,41551724.3,0.812,0.021516,0.000328
2022-Q4,2022-10-01,44,51169100.0,11,0,293016.63,179627.84,116683.59,62944.24,0.00123,3743999.77,40377762.4,0.7891,0.020345,8.9e-05
2022-Q4,2022-10-01,44,51169100.0,12,0,358911.33,216632.79,148007.62,68625.18,0.001341,4276957.73,39164880.54,0.7654,0.024773,0.000174
2022-Q4,2022-10-01,44,51169100.0,13,0,445571.78,281592.76,175322.58,106270.18,0.002077,4556913.26,38184235.36,0.7462,0.029125,0.00051
2022-Q4,2022-10-01,44,51169100.0,14,0,536493.43,339977.47,220292.45,119685.02,0.002339,4818759.04,37217438.72,0.7273,0.027246,0.000162
2022-Q4,2022-10-01,44,51169100.0,15,0,621540.88,395811.01,247458.32,148352.69,0.002899,5135944.76,36201176.37,0.7075,0.029546,0.000414
2022-Q4,2022-10-01,44,51169100.0,16,0,732122.68,477874.15,296829.55,181044.6,0.003538,5809362.63,34803147.5,0.6802,0.020984,0.000335
2022-Q4,2022-10-01,44,51169100.0,17,0,821455.07,530098.74,336199.72,193899.03,0.003789,6488329.81,33420818.72,0.6531,0.029814,0.000227
2022-Q4,2022-10-01,44,51169100.0,18,0,930441.13,611360.38,378994.41,232365.98,0.004541,7111551.25,32074582.03,0.6268,0.02947,0.000693
2022-Q4,2022-10-01,44,51169100.0,19,0,1025500.08,667315.73,413489.3,253826.43,0.004961,7569853.13,30907192.0,0.604,0.02224,0.00038
2022-Q4,2022-10-01,44,51169100.0,20,0,1119276.19,725690.3,447855.25,277835.05,0.00543,8117121.62,29652118.19,0.5795,0.030156,0.000685
2022-Q4,2022-10-01,44,51169100.0,21,0,1200430.25,777482.02,477189.39,300292.64,0.005869,8365357.99,28708698.55,0.5611,0.02288,0.000525
2022-Q4,2022-10-01,44,51169100.0,22,0,1339288.62,862271.14,530157.39,332113.76,0.006491,8918441.07,27402727.91,0.5355,0.030014,0.000631
2022-Q4,2022-10-01,44,51169100.0,23,0,1477499.52,965596.32,592333.28,373263.04,0.007295,9323395.83,26245533.05,0.5129,0.025702,0.000694
2022-Q4,2022-10-01,44,51169100.0,24,0,1578877.4,1038744.25,625612.79,413131.47,0.008074,10057907.9,24795613.9,0.4846,0.02898,0.000575
2023-Q1,2023-01-01,27,30338200.0,0,0,0.0,0.0,0,0.0,0.0,88289.33,30249910.67,0.9971,0.022337,0.0
2023-Q1,2023-01-01,27,30338200.0,1,0,2405.85,1507.24,0,1507.24,5e-05,279841.01,29691894.74,0.9787,0.02174,5.5e-05
2023-Q1,2023-01-01,27,30338200.0,2,0,6228.31,4251.92,0,4251.92,0.00014,490881.66,29112973.24,0.9596,0.02269,8.3e-05
2023-Q1,2023-01-01,27,30338200.0,3,0,12140.08,8378.4,0,8378.4,0.000276,602528.12,28631356.61,0.9437,0.020045,0.000113
2023-Q1,2023-01-01,27,30338200.0,4,0,24220.1,16980.71,3991.11,12989.6,0.000428,710143.17,28147603.13,0.9278,0.019892,0.000138
2023-Q1,2023-01-01,27,30338200.0,5,0,34361.9,23332.43,8728.66,14603.77,0.000481,915913.73,27567632.37,0.9087,0.018127,6.3e-05
2023-Q1,2023-01-01,27,30338200.0,6,0,50727.18,34774.24,16255.48,18518.75,0.00061,1157683.47,26945438.95,0.8882,0.017111,0.00011
2023-Q1,2023-01-01,27,30338200.0,7,0,65583.26,44827.49,22594.13,22233.36,0.000733,1455399.91,26268808.03,0.8659,0.022256,0.000135
2023-Q1,2023-01-01,27,30338200.0,8,0,89036.83,57870.05,32929.93,24940.12,0.000822,1596014.81,25740681.16,0.8485,0.027268,0.000187
2023-Q1,2023-01-01,27,30338200.0,9,0,122158.75,76940.45,45116.15,31824.3,0.001049,1815856.95,25123658.7,0.8281,0.026051,0.00032
2023-Q1,2023-01-01,27,30338200.0,10,0,160493.05,99452.39,59297.14,40155.25,0.001324,1997314.18,24539808.78,0.8089,0.025506,0.000239
2023-Q1,2023-01-01,27,30338200.0,11,0,198245.96,125550.95,77611.12,47939.83,0.00158,2266068.26,23869243.38,0.7868,0.020141,0.000238
2023-Q1,2023-01-01,27,30338200.0,12,0,236532.96,146828.41,92007.82,54820.59,0.001807,2456316.21,23276650.04,0.7672,0.026913,0.000429
2023-Q1,2023-01-01,27,30338200.0,13,0,272294.76,169909.84,105301.29,64608.56,0.00213,2654943.39,22678202.65,0.7475,0.023845,0.0004
2023-Q1,2023-01-01,27,30338200.0,14,0,323060.62,198067.57,123993.94,74073.63,0.002442,2965155.25,21953166.54,0.7236,0.028373,0.000517
2023-Q1,2023-01-01,27,30338200.0,15,0,386323.38,241564.65,147154.21,94410.44,0.003112,3197151.5,21293849.12,0.7019,0.022042,0.000423
2023-Q1,2023-01-01,27,30338200.0,16,0,435877.04,271005.05,165532.86,105472.19,0.003477,3544327.3,20533061.26,0.6768,0.025922,0.000466
2023-Q1,2023-01-01,27,30338200.0,17,0,507326.21,320265.78,199543.72,120722.07,0.003979,3773701.79,19868179.2,0.6549,0.02978,0.000463
2023-Q1,2023-01-01,27,30338200.0,18,0,580001.54,366293.83,227005.58,139288.25,0.004591,4176775.77,19028371.49,0.6272,0.02228,0.000857
2023-Q1,2023-01-01,27,30338200.0,19,0,634271.53,398242.9,244346.87,153896.02,0.005073,4520222.98,18266595.9,0.6021,0.025155,0.000742
2023-Q1,2023-01-01,27,30338200.0,20,0,707435.34,449511.2,272840.03,176671.17,0.005823,4912766.68,17436829.98,0.5747,0.027821,0.000491
2023-Q1,2023-01-01,27,30338200.0,21,0,762168.67,485318.35,297254.12,188064.23,0.006199,5302596.24,16628208.69,0.5481,0.029976,0.000464
2023-Q2,2023-04-01,27,28007800.0,0,0,0.0,0.0,0,0.0,0.0,203159.96,27804640.04,0.9927,0.01808,0.0
2023-Q2,2023-04-01,27,28007800.0,1,0,2688.96,1872.1,0,1872.1,6.7e-05,396042.39,27272975.05,0.9738,0.024904,5.7e-05
2023-Q2,2023-04-01,27,28007800.0,2,0,7190.28,5142.49,0,5142.49,0.000184,564356.32,26764066.19,0.9556,0.02524,0.000102
2023-Q2,2023-04-01,27,28007800.0,3,0,12995.12,9181.16,0,9181.16,0.000328,736699.96,26249824.12,0.9372,0.017261,0.000144
2023-Q2,2023-04-01,27,28007800.0,4,0,22294.22,15257.32,3265.56,11991.76,0.000428,907561.69,25733569.69,0.9188,0.02448,0.000101
2023-Q2,2023-04-01,27,28007800.0,5,0,35856.22,23121.25,8233.94,14887.31,0.000532,1116964.76,25174511.01,0.8988,0.025576,0.000125
2023-Q2,2023-04-01,27,28007800.0,6,0,51234.18,32067.68,14888.14,17179.55,0.000613,1367962.09,24572042.13,0.8773,0.026062,0.000143
2023-Q2,2023-04-01,27,28007800.0,7,0,72951.47,45078.38,21884.5,23193.87,0.000828,1503829.79,24078363.54,0.8597,0.01943,0.000244
2023-Q2,2023-04-01,27,28007800.0,8,0,94082.76,60682.24,30485.69,30196.55,0.001078,1660346.14,23564622.29,0.8414,0.021891,0.000245
2023-Q2,2023-04-01,27,28007800.0,9,0,120635.49,77006.58,41695.26,35311.32,0.001261,1842776.5,23019545.61,0.8219,0.023517,0.000212
2023-Q2,2023-04-01,27,28007800.0,10,0,144758.07,91888.87,50502.19,41386.69,0.001478,2067762.52,22434343.42,0.801,0.019127,0.000221
2023-Q2,2023-04-01,27,28007800.0,11,0,170607.85,110176.52,59923.8,50252.72,0.001794,2249609.63,21890552.91,0.7816,0.021964,0.000287
2023-Q2,2023-04-01,27,28007800.0,12,0,214519.16,138344.34,77387.72,60956.62,0.002176,2479425.8,21280731.84,0.7598,0.021764,0.000542
2023-Q2,2023-04-01,27,28007800.0,13,0,242964.03,159036.98,91443.65,67593.32,0.002413,2680675.37,20714943.79,0.7396,0.028619,0.000144
2023-Q2,2023-04-01,27,28007800.0,14,0,280519.9,184327.82,108330.21,75997.61,0.002713,2824632.47,20197337.23,0.7211,0.024597,0.000204
2023-Q2,2023-04-01,27,28007800.0,15,0,318496.22,211044.18,122423.93,88620.25,0.003164,3020401.09,19627498.69,0.7008,0.027786,0.000361
2023-Q2,2023-04-01,27,28007800.0,16,0,378882.62,247126.06,145861.09,101264.96,0.003616,3289484.07,18961935.71,0.677,0.02756,0.000743
2023-Q2,2023-04-01,27,28007800.0,17,0,417212.64,269615.7,160050.58,109565.12,0.003912,3540216.78,18336779.38,0.6547,0.029017,0.000354
2023-Q2,2023-04-01,27,28007800.0,18,0,462865.5,299065.45,180672.9,118392.55,0.004227,3750729.08,17744520.62,0.6336,0.027393,0.000216
2023-Q3,2023-07-01,41,40341000.0,0,0,0.0,0.0,0,0.0,0.0,157484.07,40183515.93,0.9961,0.022451,0.0
2023-Q3,2023-07-01,41,40341000.0,1,0,3690.16,2437.94,0,2437.94,6e-05,345234.44,39507983.39,0.9794,0.021011,6e-05
2023-Q3,2023-07-01,41,40341000.0,2,0,9421.43,5685.06,0,5685.06,0.000141,468267.91,38895126.65,0.9642,0.022004,9.3e-05
2023-Q3,2023-07-01,41,40341000.0,3,0,16684.34,11001.5,0,11001.5,0.000273,633878.89,38238160.77,0.9479,0.021535,0.000102
2023-Q3,2023-07-01,41,40341000.0,4,0,32990.17,22560.89,6322.2,16238.69,0.000403,816550.19,37555091.64,0.9309,0.021603,9.8e-05
2023-Q3,2023-07-01,41,40341000.0,5,0,52288.67,34783.91,13446.9,21337.0,0.000529,1012113.04,36856138.29,0.9136,0.016824,0.00011
2023-Q3,2023-07-01,41,40341000.0,6,0,68274.69,46312.36,20209.16,26103.2,0.000647,1262812.88,36105360.43,0.895,0.026314,0.000116
2023-Q3,2023-07-01,41,40341000.0,7,0,92018.91,60951.9,29686.78,31265.12,0.000775,1414879.88,35445457.21,0.8786,0.019395,0.000198
2023-Q3,2023-07-01,41,40341000.0,8,0,128674.95,86177.66,44887.2,41290.46,0.001024,1589752.86,34749836.19,0.8614,0.024773,0.000272
2023-Q3,2023-07-01,41,40341000.0,9,0,160775.8,108988.65,58539.93,50448.72,0.001251,1942682.28,33880713.91,0.8399,0.021644,0.000106
2023-Q3,2023-07-01,41,40341000.0,10,0,212762.0,145094.68,84005.39,61089.29,0.001514,2394200.41,32893117.58,0.8154,0.026831,0.000245
2023-Q3,2023-07-01,41,40341000.0,11,0,262403.32,176904.72,107444.98,69459.74,0.001722,2763828.58,31989756.09,0.793,0.027414,0.000231
2023-Q3,2023-07-01,41,40341000.0,12,0,300404.77,204967.98,120231.65,84736.32,0.002101,3009375.33,31222115.9,0.774,0.022708,0.000291
2023-Q3,2023-07-01,41,40341000.0,13,0,356272.97,242505.94,141410.44,101095.5,0.002506,3323622.42,30367908.61,0.7528,0.027655,0.000467
2023-Q3,2023-07-01,41,40341000.0,14,0,428770.68,290637.43,174487.91,116149.52,0.002879,3685493.36,29449447.96,0.73,0.020667,0.00035
2023-Q3,2023-07-01,41,40341000.0,15,0,492597.52,334524.66,194510.66,140014.0,0.003471,4058997.32,28528025.17,0.7072,0.022989,0.000625
2023-Q4,2023-10-01,37,43820400.0,0,0,0.0,0.0,0,0.0,0.0,154687.91,43665712.09,0.9965,0.024177,0.0
2023-Q4,2023-10-01,37,43820400.0,1,0,2945.85,1925.02,0,1925.02,4.4e-05,446276.88,42845332.47,0.9777,0.021774,4.6e-05
2023-Q4,2023-10-01,37,43820400.0,2,0,10143.5,6429.65,0,6429.65,0.000147,673231.51,42085335.39,0.9604,0.018859,0.00012
2023-Q4,2023-10-01,37,43820400.0,3,0,20976.4,13715.34,0,13715.34,0.000313,877647.91,41344241.29,0.9435,0.022486,0.000171
2023-Q4,2023-10-01,37,43820400.0,4,0,36798.32,23907.02,7860.3,16046.73,0.000366,1125764.18,40554458.3,0.9255,0.02126,4.3e-05
2023-Q4,2023-10-01,37,43820400.0,5,0,54076.63,36278.53,16329.26,19949.27,0.000455,1465976.64,39671122.73,0.9053,0.019323,7.2e-05
2023-Q4,2023-10-01,37,43820400.0,6,0,81213.66,52823.75,29608.0,23215.75,0.00053,1809841.55,38774275.99,0.8848,0.018126,6.4e-05
2023-Q4,2023-10-01,37,43820400.0,7,0,110141.85,69369.46,44038.01,25331.45,0.000578,2157030.67,37872313.88,0.8643,0.026831,0.000119
2023-Q4,2023-10-01,37,43820400.0,8,0,142264.6,88725.54,58599.25,30126.29,0.000687,2500659.96,36970717.05,0.8437,0.024299,0.000191
2023-Q4,2023-10-01,37,43820400.0,9,0,184271.41,119748.28,75265.51,44482.77,0.001015,2714766.68,36188758.71,0.8258,0.022683,0.000243
2023-Q4,2023-10-01,37,43820400.0,10,0,225496.52,148451.09,90457.86,57993.23,0.001323,3092332.71,35244122.77,0.8043,0.023211,0.000189
2023-Q4,2023-10-01,37,43820400.0,11,0,275799.18,182809.73,109312.23,73497.5,0.001677,3333694.26,34426613.76,0.7856,0.020183,0.000399
2023-Q4,2023-10-01,37,43820400.0,12,0,331771.2,222272.77,130016.48,92256.29,0.002105,3513933.6,33664557.6,0.7682,0.026499,0.000431
2024-Q1,2024-01-01,31,41843000.0,0,0,0.0,0.0,0,0.0,0.0,229677.2,41613322.8,0.9945,0.018621,0.0
2024-Q1,2024-01-01,31,41843000.0,1,0,3808.32,2778.49,0,2778.49,6.6e-05,374222.53,40962853.15,0.979,0.020642,6.7e-05
2024-Q1,2024-01-01,31,41843000.0,2,0,11318.03,7160.63,0,7160.63,0.000171,535251.34,40292198.63,0.9629,0.017801,0.000125
2024-Q1,2024-01-01,31,41843000.0,3,0,23580.74,14642.31,0,14642.31,0.00035,765328.62,39547742.64,0.9451,0.02065,0.000176
2024-Q1,2024-01-01,31,41843000.0,4,0,40096.43,24566.54,6423.24,18143.3,0.000434,1075102.21,38719337.36,0.9253,0.026124,0.000116
2024-Q1,2024-01-01,31,41843000.0,5,0,57417.41,35100.62,14461.96,20638.66,0.000493,1272668.33,38002334.27,0.9082,0.022226,9.5e-05
2024-Q1,2024-01-01,31,41843000.0,6,0,79241.53,51201.72,23271.06,27930.66,0.000668,1470404.65,37280657.82,0.891,0.020729,0.000156
2024-Q1,2024-01-01,31,41843000.0,7,0,98129.66,61970.88,29658.89,32311.99,0.000772,1850108.26,36379950.08,0.8694,0.018112,0.000127
2024-Q1,2024-01-01,31,41843000.0,8,0,132859.86,86279.96,40351.02,45928.94,0.001098,2029115.05,35664097.09,0.8523,0.027068,0.000277
2024-Q1,2024-01-01,31,41843000.0,9,0,175855.77,115953.41,53537.38,62416.03,0.001492,2348863.12,34799237.11,0.8317,0.019781,0.000359
2024-Q2,2024-04-01,35,39108300.0,0,0,0.0,0.0,0,0.0,0.0,274513.95,38833786.05,0.993,0.022493,0.0
2024-Q2,2024-04-01,35,39108300.0,1,0,3866.03,2738.28,0,2738.28,7e-05,490557.54,38144576.83,0.9754,0.021187,6.3e-05
2024-Q2,2024-04-01,35,39108300.0,2,0,11075.73,7321.4,0,7321.4,0.000187,641493.98,37517131.08,0.9593,0.025665,0.000115
2024-Q2,2024-04-01,35,39108300.0,3,0,21872.4,14139.53,0,14139.53,0.000362,874618.61,36803910.19,0.9411,0.02089,0.000177
2024-Q2,2024-04-01,35,39108300.0,4,0,32036.7,20164.18,3598.34,16565.83,0.000424,1013381.0,36185683.9,0.9253,0.024342,9.4e-05
2024-Q2,2024-04-01,35,39108300.0,5,0,50808.17,32754.59,9509.15,23245.44,0.000594,1184128.14,35526865.69,0.9084,0.025774,0.000143
2024-Q2,2024-04-01,35,39108300.0,6,0,70274.32,46774.36,17741.33,29033.03,0.000742,1424531.37,34797696.71,0.8898,0.026229,9.4e-05
2024-Q3,2024-07-01,36,41109800.0,0,0,0.0,0.0,0,0.0,0.0,187881.32,40921918.68,0.9954,0.023844,0.0
2024-Q3,2024-07-01,36,41109800.0,1,0,2949.0,2074.71,0,2074.71,5e-05,338837.82,40274695.57,0.9797,0.025067,4.9e-05
2024-Q3,2024-07-01,36,41109800.0,2,0,10475.63,6558.06,0,6558.06,0.00016,606778.42,39505910.75,0.961,0.019309,0.000124
2024-Q3,2024-07-01,36,41109800.0,3,0,22871.15,15419.27,0,15419.27,0.000375,762912.27,38844063.79,0.9449,0.021137,0.000225
